what,kind,bundleId,bundleVersion,description,time
executed,command,org.eclipse.ui.workbench.texteditor,3.7.0.v20110928-1504,"org.eclipse.ui.edit.text.select.wordPrevious",1390259603962
executed,command,org.eclipse.ui,3.7.0.v20110928-1505,"org.eclipse.ui.file.save",1390259605240
deactivated,workbench,org.eclipse.ui.workbench,3.7.1.v20120104-1859,"",1390259620140
activated,workbench,org.eclipse.ui.workbench,3.7.1.v20120104-1859,"",1390259632060
executed,command,org.eclipse.ui,3.7.0.v20110928-1505,"org.eclipse.ui.edit.paste",1390259633880
executed,command,org.eclipse.ui,3.7.0.v20110928-1505,"org.eclipse.ui.file.save",1390259634824
deactivated,workbench,org.eclipse.ui.workbench,3.7.1.v20120104-1859,"",1390259660137
activated,workbench,org.eclipse.ui.workbench,3.7.1.v20120104-1859,"",1390259728954
deactivated,workbench,org.eclipse.ui.workbench,3.7.1.v20120104-1859,"",1390259733668
activated,workbench,org.eclipse.ui.workbench,3.7.1.v20120104-1859,"",1390259798891
deactivated,workbench,org.eclipse.ui.workbench,3.7.1.v20120104-1859,"",1390259802420
activated,workbench,org.eclipse.ui.workbench,3.7.1.v20120104-1859,"",1390259803292
deactivated,workbench,org.eclipse.ui.workbench,3.7.1.v20120104-1859,"",1390259805299
activated,workbench,org.eclipse.ui.workbench,3.7.1.v20120104-1859,"",1390259806106
executed,command,org.eclipse.ui,3.7.0.v20110928-1505,"org.eclipse.ui.file.save",1390259811811
deactivated,workbench,org.eclipse.ui.workbench,3.7.1.v20120104-1859,"",1390259813666
activated,workbench,org.eclipse.ui.workbench,3.7.1.v20120104-1859,"",1390259817092
deactivated,workbench,org.eclipse.ui.workbench,3.7.1.v20120104-1859,"",1390259824594
activated,workbench,org.eclipse.ui.workbench,3.7.1.v20120104-1859,"",1390259828776
executed,command,org.eclipse.ui.workbench.texteditor,3.7.0.v20110928-1504,"org.eclipse.ui.edit.text.goto.lineStart",1390259834846
executed,command,org.eclipse.ui.workbench.texteditor,3.7.0.v20110928-1504,"org.eclipse.ui.edit.text.select.lineEnd",1390259835125
executed,command,org.eclipse.ui,3.7.0.v20110928-1505,"org.eclipse.ui.edit.delete",1390259835498
executed,command,org.eclipse.ui.workbench.texteditor,3.7.0.v20110928-1504,"org.eclipse.ui.edit.text.select.lineStart",1390259835741
executed,command,org.eclipse.ui,3.7.0.v20110928-1505,"org.eclipse.ui.edit.delete",1390259835935
executed,command,org.eclipse.ui,3.7.0.v20110928-1505,"org.eclipse.ui.edit.delete",1390259836119
executed,command,org.eclipse.ui,3.7.0.v20110928-1505,"org.eclipse.ui.file.save",1390259837357
activated,editor,org.eclipse.wst.html.ui,1.0.602.v201202091936,"org.eclipse.wst.html.core.htmlsource.source",1390259841003
deactivated,workbench,org.eclipse.ui.workbench,3.7.1.v20120104-1859,"",1390259841791
activated,workbench,org.eclipse.ui.workbench,3.7.1.v20120104-1859,"",1390259889924
deactivated,workbench,org.eclipse.ui.workbench,3.7.1.v20120104-1859,"",1390259893611
activated,workbench,org.eclipse.ui.workbench,3.7.1.v20120104-1859,"",1390260106081
deactivated,workbench,org.eclipse.ui.workbench,3.7.1.v20120104-1859,"",1390260107109
activated,workbench,org.eclipse.ui.workbench,3.7.1.v20120104-1859,"",1390260110235
executed,command,org.eclipse.ui.workbench.texteditor,3.7.0.v20110928-1504,"org.eclipse.ui.edit.text.goto.lineEnd",1390260112289
executed,command,org.eclipse.ui,3.7.0.v20110928-1505,"org.eclipse.ui.file.save",1390260120517
deactivated,workbench,org.eclipse.ui.workbench,3.7.1.v20120104-1859,"",1390260124145
activated,workbench,org.eclipse.ui.workbench,3.7.1.v20120104-1859,"",1390260143110
deactivated,workbench,org.eclipse.ui.workbench,3.7.1.v20120104-1859,"",1390260143774
activated,workbench,org.eclipse.ui.workbench,3.7.1.v20120104-1859,"",1390260147110
executed,command,org.eclipse.ui.workbench.texteditor,3.7.0.v20110928-1504,"org.eclipse.ui.edit.text.goto.wordPrevious",1390260154890
executed,command,org.eclipse.ui.workbench.texteditor,3.7.0.v20110928-1504,"org.eclipse.ui.edit.text.goto.wordPrevious",1390260155065
executed,command,org.eclipse.ui.workbench.texteditor,3.7.0.v20110928-1504,"org.eclipse.ui.edit.text.select.wordNext",1390260155826
executed,command,org.eclipse.ui.workbench.texteditor,3.7.0.v20110928-1504,"org.eclipse.ui.edit.text.select.wordNext",1390260155993
executed,command,org.eclipse.ui.workbench.texteditor,3.7.0.v20110928-1504,"org.eclipse.ui.edit.text.select.wordNext",1390260156129
executed,command,org.eclipse.ui.workbench.texteditor,3.7.0.v20110928-1504,"org.eclipse.ui.edit.text.select.wordPrevious",1390260156433
executed,command,org.eclipse.ui.workbench.texteditor,3.7.0.v20110928-1504,"org.eclipse.ui.edit.text.select.wordNext",1390260157001
executed,command,org.eclipse.ui,3.7.0.v20110928-1505,"org.eclipse.ui.edit.copy",1390260157769
executed,command,org.eclipse.ui,3.7.0.v20110928-1505,"org.eclipse.ui.edit.paste",1390260159752
executed,command,org.eclipse.ui,3.7.0.v20110928-1505,"org.eclipse.ui.edit.paste",1390260160288
executed,command,org.eclipse.ui.workbench.texteditor,3.7.0.v20110928-1504,"org.eclipse.ui.edit.text.goto.wordPrevious",1390260160792
executed,command,org.eclipse.ui.workbench.texteditor,3.7.0.v20110928-1504,"org.eclipse.ui.edit.text.goto.wordPrevious",1390260160937
executed,command,org.eclipse.ui.workbench.texteditor,3.7.0.v20110928-1504,"org.eclipse.ui.edit.text.goto.wordPrevious",1390260161089
deactivated,workbench,org.eclipse.ui.workbench,3.7.1.v20120104-1859,"",1390260165153
activated,workbench,org.eclipse.ui.workbench,3.7.1.v20120104-1859,"",1390260192330
executed,command,org.eclipse.ui.workbench.texteditor,3.7.0.v20110928-1504,"org.eclipse.ui.edit.text.select.wordNext",1390260194410
executed,command,org.eclipse.ui,3.7.0.v20110928-1505,"org.eclipse.ui.edit.paste",1390260194668
deactivated,workbench,org.eclipse.ui.workbench,3.7.1.v20120104-1859,"",1390260195757
activated,workbench,org.eclipse.ui.workbench,3.7.1.v20120104-1859,"",1390260214627
executed,command,org.eclipse.ui.workbench.texteditor,3.7.0.v20110928-1504,"org.eclipse.ui.edit.text.goto.lineEnd",1390260215758
executed,command,org.eclipse.ui.workbench.texteditor,3.7.0.v20110928-1504,"org.eclipse.ui.edit.text.select.wordPrevious",1390260216258
executed,command,org.eclipse.ui,3.7.0.v20110928-1505,"org.eclipse.ui.edit.paste",1390260216466
executed,command,org.eclipse.ui,3.7.0.v20110928-1505,"org.eclipse.ui.file.save",1390260216850
deactivated,workbench,org.eclipse.ui.workbench,3.7.1.v20120104-1859,"",1390260218102
activated,workbench,org.eclipse.ui.workbench,3.7.1.v20120104-1859,"",1390260242617
deactivated,workbench,org.eclipse.ui.workbench,3.7.1.v20120104-1859,"",1390260252222
activated,workbench,org.eclipse.ui.workbench,3.7.1.v20120104-1859,"",1390260400326
executed,command,org.eclipse.ui.workbench.texteditor,3.7.0.v20110928-1504,"org.eclipse.ui.edit.text.goto.wordPrevious",1390260407004
executed,command,org.eclipse.ui.workbench.texteditor,3.7.0.v20110928-1504,"org.eclipse.ui.edit.text.goto.wordPrevious",1390260407164
executed,command,org.eclipse.ui.workbench.texteditor,3.7.0.v20110928-1504,"org.eclipse.ui.edit.text.goto.wordPrevious",1390260407300
executed,command,org.eclipse.ui.workbench.texteditor,3.7.0.v20110928-1504,"org.eclipse.ui.edit.text.goto.wordPrevious",1390260407596
executed,command,org.eclipse.ui.workbench.texteditor,3.7.0.v20110928-1504,"org.eclipse.ui.edit.text.goto.wordPrevious",1390260407820
executed,command,org.eclipse.ui.workbench.texteditor,3.7.0.v20110928-1504,"org.eclipse.ui.edit.text.goto.wordNext",1390260408124
executed,command,org.eclipse.ui.workbench.texteditor,3.7.0.v20110928-1504,"org.eclipse.ui.edit.text.goto.wordNext",1390260410756
executed,command,org.eclipse.ui.workbench.texteditor,3.7.0.v20110928-1504,"org.eclipse.ui.edit.text.goto.wordNext",1390260410940
executed,command,org.eclipse.ui.workbench.texteditor,3.7.0.v20110928-1504,"org.eclipse.ui.edit.text.goto.wordNext",1390260411236
executed,command,org.eclipse.ui.workbench.texteditor,3.7.0.v20110928-1504,"org.eclipse.ui.edit.text.select.wordNext",1390260418132
executed,command,org.eclipse.ui.workbench.texteditor,3.7.0.v20110928-1504,"org.eclipse.ui.edit.text.select.wordPrevious",1390260425100
executed,command,org.eclipse.ui.workbench.texteditor,3.7.0.v20110928-1504,"org.eclipse.ui.edit.text.select.wordPrevious",1390260425252
executed,command,org.eclipse.ui.workbench.texteditor,3.7.0.v20110928-1504,"org.eclipse.ui.edit.text.select.wordPrevious",1390260425404
executed,command,org.eclipse.ui.workbench.texteditor,3.7.0.v20110928-1504,"org.eclipse.ui.edit.text.select.wordPrevious",1390260425564
executed,command,org.eclipse.ui.workbench.texteditor,3.7.0.v20110928-1504,"org.eclipse.ui.edit.text.select.wordPrevious",1390260425764
executed,command,org.eclipse.ui,3.7.0.v20110928-1505,"org.eclipse.ui.edit.copy",1390260426796
executed,command,org.eclipse.ui.workbench.texteditor,3.7.0.v20110928-1504,"org.eclipse.ui.edit.text.goto.lineEnd",1390260427116
executed,command,org.eclipse.ui.workbench.texteditor,3.7.0.v20110928-1504,"org.eclipse.ui.edit.text.select.wordPrevious",1390260428677
executed,command,org.eclipse.ui,3.7.0.v20110928-1505,"org.eclipse.ui.edit.paste",1390260428937
executed,command,org.eclipse.ui.workbench.texteditor,3.7.0.v20110928-1504,"org.eclipse.ui.edit.text.goto.lineEnd",1390260432093
executed,command,org.eclipse.ui.workbench.texteditor,3.7.0.v20110928-1504,"org.eclipse.ui.edit.text.select.wordPrevious",1390260432772
executed,command,org.eclipse.ui,3.7.0.v20110928-1505,"org.eclipse.ui.file.save",1390260434038
deactivated,workbench,org.eclipse.ui.workbench,3.7.1.v20120104-1859,"",1390260435275
activated,workbench,org.eclipse.ui.workbench,3.7.1.v20120104-1859,"",1390260436067
deactivated,workbench,org.eclipse.ui.workbench,3.7.1.v20120104-1859,"",1390260436567
activated,workbench,org.eclipse.ui.workbench,3.7.1.v20120104-1859,"",1390260472884
deactivated,workbench,org.eclipse.ui.workbench,3.7.1.v20120104-1859,"",1390260481395
activated,workbench,org.eclipse.ui.workbench,3.7.1.v20120104-1859,"",1390260483045
deactivated,workbench,org.eclipse.ui.workbench,3.7.1.v20120104-1859,"",1390260484544
activated,workbench,org.eclipse.ui.workbench,3.7.1.v20120104-1859,"",1390260615542
executed,command,org.eclipse.ui.workbench.texteditor,3.7.0.v20110928-1504,"org.eclipse.ui.edit.text.goto.lineStart",1390260625287
executed,command,org.eclipse.ui.workbench.texteditor,3.7.0.v20110928-1504,"org.eclipse.ui.edit.text.select.wordNext",1390260628679
executed,command,org.eclipse.ui.workbench.texteditor,3.7.0.v20110928-1504,"org.eclipse.ui.edit.text.select.wordNext",1390260628846
executed,command,org.eclipse.ui.workbench.texteditor,3.7.0.v20110928-1504,"org.eclipse.ui.edit.text.select.wordNext",1390260629055
executed,command,org.eclipse.ui.workbench.texteditor,3.7.0.v20110928-1504,"org.eclipse.ui.edit.text.select.wordNext",1390260629295
executed,command,org.eclipse.ui.workbench.texteditor,3.7.0.v20110928-1504,"org.eclipse.ui.edit.text.select.wordNext",1390260629479
executed,command,org.eclipse.ui.workbench.texteditor,3.7.0.v20110928-1504,"org.eclipse.ui.edit.text.select.wordNext",1390260629711
executed,command,org.eclipse.ui.workbench.texteditor,3.7.0.v20110928-1504,"org.eclipse.ui.edit.text.select.wordNext",1390260629895
executed,command,org.eclipse.ui,3.7.0.v20110928-1505,"org.eclipse.ui.edit.cut",1390260632721
executed,command,org.eclipse.ui,3.7.0.v20110928-1505,"org.eclipse.ui.edit.paste",1390260634239
executed,command,org.eclipse.ui.workbench.texteditor,3.7.0.v20110928-1504,"org.eclipse.ui.edit.text.select.lineEnd",1390260636663
executed,command,org.eclipse.ui,3.7.0.v20110928-1505,"org.eclipse.ui.edit.cut",1390260638262
executed,command,org.eclipse.ui.workbench.texteditor,3.7.0.v20110928-1504,"org.eclipse.ui.edit.text.goto.lineStart",1390260639710
executed,command,org.eclipse.ui,3.7.0.v20110928-1505,"org.eclipse.ui.edit.paste",1390260641189
executed,command,org.eclipse.ui,3.7.0.v20110928-1505,"org.eclipse.ui.file.save",1390260646007
deactivated,workbench,org.eclipse.ui.workbench,3.7.1.v20120104-1859,"",1390260647681
activated,workbench,org.eclipse.ui.workbench,3.7.1.v20120104-1859,"",1390260667302
activated,editor,org.eclipse.ui.editors,3.7.0.v20110928-1504,"org.eclipse.ui.DefaultTextEditor",1390260686686
executed,command,org.eclipse.ui,3.7.0.v20110928-1505,"org.eclipse.ui.file.save",1390260692062
executed,command,org.eclipse.ui,3.7.0.v20110928-1505,"org.eclipse.ui.file.save",1390260695470
executed,command,org.eclipse.ui.workbench.texteditor,3.7.0.v20110928-1504,"org.eclipse.ui.edit.text.goto.wordPrevious",1390260701408
executed,command,org.eclipse.ui.workbench.texteditor,3.7.0.v20110928-1504,"org.eclipse.ui.edit.text.select.wordNext",1390260701608
executed,command,org.eclipse.ui,3.7.0.v20110928-1505,"org.eclipse.ui.file.save",1390260702600
deactivated,workbench,org.eclipse.ui.workbench,3.7.1.v20120104-1859,"",1390260705751
activated,workbench,org.eclipse.ui.workbench,3.7.1.v20120104-1859,"",1390260727920
executed,command,org.eclipse.ui.workbench.texteditor,3.7.0.v20110928-1504,"org.eclipse.ui.edit.text.select.wordPrevious",1390260728984
executed,command,org.eclipse.ui,3.7.0.v20110928-1505,"org.eclipse.ui.file.save",1390260735374
deactivated,workbench,org.eclipse.ui.workbench,3.7.1.v20120104-1859,"",1390260738317
activated,workbench,org.eclipse.ui.workbench,3.7.1.v20120104-1859,"",1390260756965
deactivated,workbench,org.eclipse.ui.workbench,3.7.1.v20120104-1859,"",1390260765417
activated,workbench,org.eclipse.ui.workbench,3.7.1.v20120104-1859,"",1390260769175
deactivated,workbench,org.eclipse.ui.workbench,3.7.1.v20120104-1859,"",1390260782380
activated,workbench,org.eclipse.ui.workbench,3.7.1.v20120104-1859,"",1390261005314
deactivated,workbench,org.eclipse.ui.workbench,3.7.1.v20120104-1859,"",1390261019973
activated,workbench,org.eclipse.ui.workbench,3.7.1.v20120104-1859,"",1390261025273
executed,command,org.eclipse.ui,3.7.0.v20110928-1505,"org.eclipse.ui.edit.paste",1390261028862
executed,command,org.eclipse.ui.workbench.texteditor,3.7.0.v20110928-1504,"org.eclipse.ui.edit.text.goto.wordNext",1390261043459
executed,command,org.eclipse.ui.workbench.texteditor,3.7.0.v20110928-1504,"org.eclipse.ui.edit.text.select.wordNext",1390261044027
executed,command,org.eclipse.ui.workbench.texteditor,3.7.0.v20110928-1504,"org.eclipse.ui.edit.text.goto.lineStart",1390261048219
executed,command,org.eclipse.ui.workbench.texteditor,3.7.0.v20110928-1504,"org.eclipse.ui.edit.text.goto.lineStart",1390261048356
executed,command,org.eclipse.ui,3.7.0.v20110928-1505,"org.eclipse.ui.edit.delete",1390261050813
executed,command,org.eclipse.ui.workbench.texteditor,3.7.0.v20110928-1504,"org.eclipse.ui.edit.text.goto.lineEnd",1390261052172
executed,command,org.eclipse.ui.workbench.texteditor,3.7.0.v20110928-1504,"org.eclipse.ui.edit.text.goto.lineStart",1390261052363
executed,command,org.eclipse.ui.workbench.texteditor,3.7.0.v20110928-1504,"org.eclipse.ui.edit.text.select.lineEnd",1390261052595
executed,command,org.eclipse.ui.workbench.texteditor,3.7.0.v20110928-1504,"org.eclipse.ui.edit.text.goto.lineStart",1390261056563
executed,command,org.eclipse.ui,3.7.0.v20110928-1505,"org.eclipse.ui.edit.cut",1390261057945
executed,command,org.eclipse.ui,3.7.0.v20110928-1505,"org.eclipse.ui.edit.paste",1390261058920
executed,command,org.eclipse.ui.workbench.texteditor,3.7.0.v20110928-1504,"org.eclipse.ui.edit.text.goto.lineEnd",1390261061091
executed,command,org.eclipse.ui.workbench.texteditor,3.7.0.v20110928-1504,"org.eclipse.ui.edit.text.goto.lineEnd",1390261070036
deactivated,workbench,org.eclipse.ui.workbench,3.7.1.v20120104-1859,"",1390261091389
activated,workbench,org.eclipse.ui.workbench,3.7.1.v20120104-1859,"",1390261101555
deactivated,workbench,org.eclipse.ui.workbench,3.7.1.v20120104-1859,"",1390261106201
activated,workbench,org.eclipse.ui.workbench,3.7.1.v20120104-1859,"",1390261157086
executed,command,org.eclipse.ui.workbench.texteditor,3.7.0.v20110928-1504,"org.eclipse.ui.edit.text.goto.lineStart",1390261160252
executed,command,org.eclipse.ui,3.7.0.v20110928-1505,"org.eclipse.ui.edit.paste",1390261163209
executed,command,org.eclipse.ui.workbench.texteditor,3.7.0.v20110928-1504,"org.eclipse.ui.edit.text.goto.lineStart",1390261165301
executed,command,org.eclipse.ui,3.7.0.v20110928-1505,"org.eclipse.ui.edit.copy",1390261173269
executed,command,org.eclipse.ui.workbench.texteditor,3.7.0.v20110928-1504,"org.eclipse.ui.edit.text.goto.lineStart",1390261175309
executed,command,org.eclipse.ui.workbench.texteditor,3.7.0.v20110928-1504,"org.eclipse.ui.edit.text.select.lineEnd",1390261175877
executed,command,org.eclipse.ui,3.7.0.v20110928-1505,"org.eclipse.ui.edit.paste",1390261176457
executed,command,org.eclipse.ui.workbench.texteditor,3.7.0.v20110928-1504,"org.eclipse.ui.edit.text.goto.lineStart",1390261177582
executed,command,org.eclipse.ui,3.7.0.v20110928-1505,"org.eclipse.ui.edit.delete",1390261178776
executed,command,org.eclipse.ui,3.7.0.v20110928-1505,"org.eclipse.ui.edit.delete",1390261178944
executed,command,org.eclipse.ui,3.7.0.v20110928-1505,"org.eclipse.ui.edit.delete",1390261179134
executed,command,org.eclipse.ui,3.7.0.v20110928-1505,"org.eclipse.ui.edit.delete",1390261179950
executed,command,org.eclipse.ui.workbench.texteditor,3.7.0.v20110928-1504,"org.eclipse.ui.edit.text.goto.lineStart",1390261180535
executed,command,org.eclipse.ui,3.7.0.v20110928-1505,"org.eclipse.ui.edit.delete",1390261180961
executed,command,org.eclipse.ui,3.7.0.v20110928-1505,"org.eclipse.ui.edit.delete",1390261181103
executed,command,org.eclipse.ui,3.7.0.v20110928-1505,"org.eclipse.ui.edit.delete",1390261181246
executed,command,org.eclipse.ui,3.7.0.v20110928-1505,"org.eclipse.ui.edit.delete",1390261181398
executed,command,org.eclipse.ui.workbench.texteditor,3.7.0.v20110928-1504,"org.eclipse.ui.edit.text.goto.lineStart",1390261182613
executed,command,org.eclipse.ui,3.7.0.v20110928-1505,"org.eclipse.ui.edit.delete",1390261182896
executed,command,org.eclipse.ui,3.7.0.v20110928-1505,"org.eclipse.ui.edit.delete",1390261183040
executed,command,org.eclipse.ui,3.7.0.v20110928-1505,"org.eclipse.ui.edit.delete",1390261183197
executed,command,org.eclipse.ui,3.7.0.v20110928-1505,"org.eclipse.ui.edit.delete",1390261183357
executed,command,org.eclipse.ui,3.7.0.v20110928-1505,"org.eclipse.ui.edit.copy",1390261188269
executed,command,org.eclipse.ui,3.7.0.v20110928-1505,"org.eclipse.ui.edit.paste",1390261189399
executed,command,org.eclipse.ui,3.7.0.v20110928-1505,"org.eclipse.ui.edit.paste",1390261190023
executed,command,org.eclipse.ui,3.7.0.v20110928-1505,"org.eclipse.ui.edit.paste",1390261190687
executed,command,org.eclipse.ui.workbench.texteditor,3.7.0.v20110928-1504,"org.eclipse.ui.edit.text.select.wordPrevious",1390261192301
executed,command,org.eclipse.ui,3.7.0.v20110928-1505,"org.eclipse.ui.edit.delete",1390261193297
executed,command,org.eclipse.ui.workbench.texteditor,3.7.0.v20110928-1504,"org.eclipse.ui.edit.text.select.wordNext",1390261194309
executed,command,org.eclipse.ui,3.7.0.v20110928-1505,"org.eclipse.ui.edit.delete",1390261194735
executed,command,org.eclipse.ui.workbench.texteditor,3.7.0.v20110928-1504,"org.eclipse.ui.edit.text.select.wordNext",1390261195509
executed,command,org.eclipse.ui,3.7.0.v20110928-1505,"org.eclipse.ui.edit.delete",1390261195975
executed,command,org.eclipse.ui,3.7.0.v20110928-1505,"org.eclipse.ui.file.save",1390261197534
executed,command,org.eclipse.ui.workbench.texteditor,3.7.0.v20110928-1504,"org.eclipse.ui.edit.text.select.lineEnd",1390261206671
executed,command,org.eclipse.ui,3.7.0.v20110928-1505,"org.eclipse.ui.edit.delete",1390261207198
executed,command,org.eclipse.ui.workbench.texteditor,3.7.0.v20110928-1504,"org.eclipse.ui.edit.text.select.lineEnd",1390261210029
executed,command,org.eclipse.ui,3.7.0.v20110928-1505,"org.eclipse.ui.edit.delete",1390261210643
executed,command,org.eclipse.ui.workbench.texteditor,3.7.0.v20110928-1504,"org.eclipse.ui.edit.text.select.lineEnd",1390261211398
executed,command,org.eclipse.ui,3.7.0.v20110928-1505,"org.eclipse.ui.edit.delete",1390261211922
executed,command,org.eclipse.ui.workbench.texteditor,3.7.0.v20110928-1504,"org.eclipse.ui.edit.text.goto.lineStart",1390261213925
deactivated,workbench,org.eclipse.ui.workbench,3.7.1.v20120104-1859,"",1390261223675
activated,workbench,org.eclipse.ui.workbench,3.7.1.v20120104-1859,"",1390261258526
deactivated,workbench,org.eclipse.ui.workbench,3.7.1.v20120104-1859,"",1390261261555
activated,workbench,org.eclipse.ui.workbench,3.7.1.v20120104-1859,"",1390261262311
executed,command,org.eclipse.ui,3.7.0.v20110928-1505,"org.eclipse.ui.edit.paste",1390261263772
executed,command,org.eclipse.ui.workbench.texteditor,3.7.0.v20110928-1504,"org.eclipse.ui.edit.text.goto.lineStart",1390261264582
deactivated,workbench,org.eclipse.ui.workbench,3.7.1.v20120104-1859,"",1390261293471
activated,workbench,org.eclipse.ui.workbench,3.7.1.v20120104-1859,"",1390261345940
deactivated,workbench,org.eclipse.ui.workbench,3.7.1.v20120104-1859,"",1390261347145
activated,workbench,org.eclipse.ui.workbench,3.7.1.v20120104-1859,"",1390261373150
executed,command,org.eclipse.ui.workbench.texteditor,3.7.0.v20110928-1504,"org.eclipse.ui.edit.text.goto.lineStart",1390261381568
executed,command,org.eclipse.ui,3.7.0.v20110928-1505,"org.eclipse.ui.edit.paste",1390261382673
executed,command,org.eclipse.ui.workbench.texteditor,3.7.0.v20110928-1504,"org.eclipse.ui.edit.text.goto.lineStart",1390261383151
executed,command,org.eclipse.ui.workbench.texteditor,3.7.0.v20110928-1504,"org.eclipse.ui.edit.text.select.wordNext",1390261385295
executed,command,org.eclipse.ui.workbench.texteditor,3.7.0.v20110928-1504,"org.eclipse.ui.edit.text.select.wordPrevious",1390261390167
executed,command,org.eclipse.ui.workbench.texteditor,3.7.0.v20110928-1504,"org.eclipse.ui.edit.text.select.wordPrevious",1390261398847
executed,command,org.eclipse.ui,3.7.0.v20110928-1505,"org.eclipse.ui.edit.copy",1390261399511
executed,command,org.eclipse.ui.workbench.texteditor,3.7.0.v20110928-1504,"org.eclipse.ui.edit.text.goto.lineEnd",1390261400096
executed,command,org.eclipse.ui,3.7.0.v20110928-1505,"org.eclipse.ui.edit.paste",1390261400977
executed,command,org.eclipse.ui,3.7.0.v20110928-1505,"org.eclipse.ui.edit.copy",1390261407521
executed,command,org.eclipse.ui,3.7.0.v20110928-1505,"org.eclipse.ui.edit.paste",1390261408481
executed,command,org.eclipse.ui,3.7.0.v20110928-1505,"org.eclipse.ui.file.save",1390261409339
deactivated,workbench,org.eclipse.ui.workbench,3.7.1.v20120104-1859,"",1390261423219
activated,workbench,org.eclipse.ui.workbench,3.7.1.v20120104-1859,"",1390261506695
executed,command,org.eclipse.ui.workbench.texteditor,3.7.0.v20110928-1504,"org.eclipse.ui.edit.text.select.wordPrevious",1390261514585
executed,command,org.eclipse.ui,3.7.0.v20110928-1505,"org.eclipse.ui.edit.copy",1390261515313
executed,command,org.eclipse.ui,3.7.0.v20110928-1505,"org.eclipse.ui.edit.paste",1390261524466
executed,command,org.eclipse.ui.workbench.texteditor,3.7.0.v20110928-1504,"org.eclipse.ui.edit.text.goto.lineEnd",1390261553570
executed,command,org.eclipse.ui.workbench.texteditor,3.7.0.v20110928-1504,"org.eclipse.ui.edit.text.select.wordPrevious",1390261555489
executed,command,org.eclipse.ui.workbench.texteditor,3.7.0.v20110928-1504,"org.eclipse.ui.edit.text.select.wordNext",1390261556762
executed,command,org.eclipse.ui.workbench.texteditor,3.7.0.v20110928-1504,"org.eclipse.ui.edit.text.select.wordNext",1390261556929
executed,command,org.eclipse.ui.workbench.texteditor,3.7.0.v20110928-1504,"org.eclipse.ui.edit.text.select.wordNext",1390261557073
executed,command,org.eclipse.ui,3.7.0.v20110928-1505,"org.eclipse.ui.edit.delete",1390261559333
executed,command,org.eclipse.ui,3.7.0.v20110928-1505,"org.eclipse.ui.edit.delete",1390261560262
executed,command,org.eclipse.ui,3.7.0.v20110928-1505,"org.eclipse.ui.edit.delete",1390261560395
executed,command,org.eclipse.ui,3.7.0.v20110928-1505,"org.eclipse.ui.edit.delete",1390261560546
deactivated,workbench,org.eclipse.ui.workbench,3.7.1.v20120104-1859,"",1390261564649
activated,workbench,org.eclipse.ui.workbench,3.7.1.v20120104-1859,"",1390261565370
executed,command,org.eclipse.ui.workbench.texteditor,3.7.0.v20110928-1504,"org.eclipse.ui.edit.text.goto.lineStart",1390261574473
executed,command,org.eclipse.ui.workbench.texteditor,3.7.0.v20110928-1504,"org.eclipse.ui.edit.text.select.wordNext",1390261575665
executed,command,org.eclipse.ui,3.7.0.v20110928-1505,"org.eclipse.ui.edit.copy",1390261577361
executed,command,org.eclipse.ui,3.7.0.v20110928-1505,"org.eclipse.ui.edit.paste",1390261582083
executed,command,org.eclipse.ui.workbench.texteditor,3.7.0.v20110928-1504,"org.eclipse.ui.edit.text.select.wordPrevious",1390261595282
executed,command,org.eclipse.ui,3.7.0.v20110928-1505,"org.eclipse.ui.file.save",1390261614505
executed,command,org.eclipse.ui.workbench.texteditor,3.7.0.v20110928-1504,"org.eclipse.ui.edit.text.select.lineEnd",1390261620882
executed,command,org.eclipse.ui,3.7.0.v20110928-1505,"org.eclipse.ui.edit.delete",1390261621889
executed,command,org.eclipse.ui.workbench.texteditor,3.7.0.v20110928-1504,"org.eclipse.ui.edit.text.goto.lineEnd",1390261624386
executed,command,org.eclipse.ui.workbench.texteditor,3.7.0.v20110928-1504,"org.eclipse.ui.edit.text.select.wordPrevious",1390261624946
executed,command,org.eclipse.ui.workbench.texteditor,3.7.0.v20110928-1504,"org.eclipse.ui.edit.text.select.wordPrevious",1390261625306
executed,command,org.eclipse.ui.workbench.texteditor,3.7.0.v20110928-1504,"org.eclipse.ui.edit.text.select.wordPrevious",1390261625650
executed,command,org.eclipse.ui,3.7.0.v20110928-1505,"org.eclipse.ui.edit.delete",1390261627803
executed,command,org.eclipse.ui.workbench.texteditor,3.7.0.v20110928-1504,"org.eclipse.ui.edit.text.select.lineStart",1390261628898
executed,command,org.eclipse.ui.workbench.texteditor,3.7.0.v20110928-1504,"org.eclipse.ui.edit.text.select.lineStart",1390261630290
executed,command,org.eclipse.ui.workbench.texteditor,3.7.0.v20110928-1504,"org.eclipse.ui.edit.text.goto.lineStart",1390261631466
executed,command,org.eclipse.ui.workbench.texteditor,3.7.0.v20110928-1504,"org.eclipse.ui.edit.text.select.lineStart",1390261635706
executed,command,org.eclipse.ui,3.7.0.v20110928-1505,"org.eclipse.ui.edit.delete",1390261635892
executed,command,org.eclipse.ui,3.7.0.v20110928-1505,"org.eclipse.ui.edit.delete",1390261636150
executed,command,org.eclipse.ui.workbench.texteditor,3.7.0.v20110928-1504,"org.eclipse.ui.edit.text.select.wordNext",1390261640978
executed,command,org.eclipse.ui.workbench.texteditor,3.7.0.v20110928-1504,"org.eclipse.ui.edit.text.select.wordNext",1390261641218
executed,command,org.eclipse.ui.workbench.texteditor,3.7.0.v20110928-1504,"org.eclipse.ui.edit.text.select.wordNext",1390261645186
executed,command,org.eclipse.ui.workbench.texteditor,3.7.0.v20110928-1504,"org.eclipse.ui.edit.text.select.wordNext",1390261645490
